{"cameraMode":{"drawMode":0,"name":"Shaded","section":"Shading Mode"},"sceneLighting":true,"audioPlay":false,"sceneViewState":{"m_AlwaysRefresh":false,"showFog":true,"showSkybox":true,"showFlares":true,"showImageEffects":true,"showParticleSystems":true,"showVisualEffectGraphs":true,"m_FxEnabled":true},"in2DMode":false,"pivot":{"x":473.4303894042969,"y":167.73727416992188,"z":4.0412139892578129},"rotation":{"x":-0.05255967006087303,"y":0.17615307867527009,"z":-0.009398759342730046,"w":-0.9830912351608276},"size":468.11651611328127,"orthographic":false}