{"cameraMode":{"drawMode":0,"name":"Shaded","section":"Shading Mode"},"sceneLighting":true,"audioPlay":false,"sceneViewState":{"m_AlwaysRefresh":false,"showFog":true,"showSkybox":true,"showFlares":true,"showImageEffects":true,"showParticleSystems":true,"showVisualEffectGraphs":true,"m_FxEnabled":true},"in2DMode":false,"pivot":{"x":-2.7594432830810549,"y":1.1979210376739503,"z":13.178878784179688},"rotation":{"x":-0.051278289407491687,"y":0.8881433606147766,"z":-0.1022246852517128,"w":-0.4452507793903351},"size":2.2610321044921877,"orthographic":false}